lat,long,temp,cloudiness,cloudiness_perct,humidity,wind_speed,city,country
28.37,129.48,26.0,broken clouds,75,83,7.7,naze,JP
35.6,103.21,4.84,clear sky,0,62,1.15,linxia,CN
18.8,110.4,24.47,overcast clouds,96,86,5.88,wanning,CN
68.05,166.44,-5.54,overcast clouds,100,94,3.03,bilibino,RU
68.53,146.42,-17.31,overcast clouds,100,92,4.1,belaya gora,RU
77.48,-69.36,-22.41,few clouds,22,77,3.67,qaanaaq,GL
-34.53,20.04,16.0,overcast clouds,100,77,3.1,bredasdorp,ZA
23.37,104.28,16.12,overcast clouds,100,85,1.59,kaihua,CN
42.6,-73.97,11.24,overcast clouds,100,62,0.99,albany,US
-54.8,-68.3,1.1,clear sky,10,87,1.51,ushuaia,AR
3.07,172.79,28.11,overcast clouds,92,74,3.89,butaritari,KI
38.73,-27.07,15.1,scattered clouds,40,63,8.3,praia da vitoria,PT
-46.6,168.33,11.71,clear sky,0,58,3.92,bluff,NZ
64.25,-15.21,6.79,few clouds,11,72,16.57,hofn,IS
29.11,21.29,16.17,few clouds,19,92,3.87,awjilah,LY
-34.42,-70.87,17.0,overcast clouds,90,48,2.6,rengo,CL
43.32,145.57,14.0,clear sky,0,44,8.2,nemuro,JP
8.92,38.62,9.65,few clouds,21,63,0.74,sebeta,ET
66.32,-179.17,-0.53,overcast clouds,100,100,4.53,egvekinot,RU
16.47,107.6,25.0,broken clouds,75,94,4.1,hue,VN
71.97,102.5,-19.87,overcast clouds,100,90,0.87,khatanga,RU
-21.06,-41.37,19.94,overcast clouds,87,91,1.28,mimoso do sul,BR
-23.12,-134.97,23.6,clear sky,0,71,5.82,rikitea,PF
-33.65,115.33,22.29,clear sky,0,31,5.36,busselton,AU
-42.88,147.33,14.42,broken clouds,75,48,6.7,hobart,AU
33.83,-116.55,28.75,clear sky,1,13,2.1,palm springs,US
69.45,-133.04,-18.0,few clouds,20,77,5.7,tuktoyaktuk,CA
-22.97,-42.03,19.7,broken clouds,75,84,4.09,arraial do cabo,BR
62.58,6.13,10.29,light intensity drizzle,75,93,12.3,roald,NO
8.53,28.1,24.06,overcast clouds,100,51,1.08,gogrial,SS
-38.0,-57.56,15.96,clear sky,0,82,2.1,mar del plata,AR
51.96,58.16,7.85,overcast clouds,100,56,4.22,buribay,RU
-0.74,-90.35,21.11,overcast clouds,86,78,2.68,puerto ayora,EC
60.72,-46.03,-9.0,clear sky,0,43,2.6,qaqortoq,GL
-46.19,168.86,18.95,clear sky,2,36,0.77,mataura,NZ
18.2,-73.75,24.62,overcast clouds,100,77,2.01,les cayes,HT
21.02,-102.17,11.11,scattered clouds,27,44,1.75,san julian,MX
-9.8,-139.03,26.02,clear sky,10,75,9.25,atuona,PF
22.8,114.47,23.69,clear sky,0,89,4.47,danshui,CN
-32.58,151.78,19.04,scattered clouds,40,52,8.7,clarence town,AU
67.8,130.41,-24.0,overcast clouds,97,84,0.51,batagay-alyta,RU
21.46,-71.14,27.04,moderate rain,100,77,8.3,cockburn town,TC
-45.87,170.5,12.78,broken clouds,51,74,5.81,dunedin,NZ
66.08,76.63,-13.9,overcast clouds,100,95,6.84,novyy urengoy,RU
-33.92,25.57,18.0,few clouds,20,93,9.3,port elizabeth,ZA
13.03,-9.49,24.29,clear sky,0,36,0.4,kita,ML
-0.6,73.08,28.57,light rain,97,70,0.82,hithadhoo,MV
-53.15,-70.92,7.0,few clouds,20,56,3.6,punta arenas,CL
29.37,-99.77,17.34,clear sky,1,63,1.87,uvalde,US
62.46,-114.35,-11.07,light snow,90,72,6.2,yellowknife,CA
-1.2,-46.02,26.79,overcast clouds,99,76,3.9,carutapera,BR
71.92,114.08,-12.88,overcast clouds,100,94,3.98,saskylakh,RU
-13.34,-44.64,20.91,moderate rain,100,93,1.42,correntina,BR
20.52,-13.05,26.28,overcast clouds,98,18,0.49,atar,MR
-21.21,-159.78,24.0,light rain,32,83,9.95,avarua,CK
71.29,-156.79,-9.0,few clouds,20,78,5.7,barrow,US
-21.36,55.77,20.07,scattered clouds,41,56,3.1,saint-philippe,RE
-21.64,-41.05,20.34,broken clouds,70,91,5.79,sao joao da barra,BR
45.32,55.2,4.11,clear sky,0,72,4.94,beyneu,KZ
-26.65,15.16,14.79,overcast clouds,91,89,2.46,luderitz,NA
53.57,142.95,-1.48,overcast clouds,100,93,11.8,okha,RU
-33.59,26.89,19.5,broken clouds,64,78,6.48,port alfred,ZA
-34.42,19.23,17.22,overcast clouds,95,63,3.58,hermanus,ZA
78.22,15.64,2.0,scattered clouds,40,74,8.2,longyearbyen,SJ
-12.17,26.39,15.51,broken clouds,68,57,0.38,solwezi,ZM
-24.87,113.63,25.0,overcast clouds,90,69,7.2,carnarvon,AU
33.67,118.19,20.61,broken clouds,57,40,3.6,guiren,CN
20.89,-156.47,28.21,scattered clouds,40,38,2.1,kahului,US
-30.18,-50.21,17.48,clear sky,1,75,2.54,cidreira,BR
-31.95,141.43,20.0,few clouds,18,32,5.1,broken hill,AU
13.73,5.3,25.63,few clouds,12,27,3.35,illela,NG
-2.42,115.25,24.96,moderate rain,100,94,2.55,amuntai,ID
-42.78,147.06,14.04,broken clouds,75,48,6.7,new norfolk,AU
-0.91,122.88,29.87,light rain,38,62,0.55,biak,ID
16.86,-99.89,28.0,scattered clouds,40,83,3.6,acapulco,MX
39.05,-27.98,15.53,broken clouds,69,63,7.52,lagoa,PT
55.74,-97.86,-13.0,light snow,90,84,6.7,thompson,CA
2.04,45.34,26.03,light rain,3,83,2.94,mogadishu,SO
9.63,123.33,30.0,scattered clouds,40,79,3.1,talangnan,PH
22.08,-159.32,26.81,broken clouds,75,83,4.1,kapaa,US
27.51,-99.51,22.0,clear sky,1,56,2.6,laredo,US
46.09,3.45,4.86,clear sky,0,93,1.0,hauterive,FR
31.45,12.98,12.23,broken clouds,82,90,1.2,mizdah,LY
-21.2,-175.2,27.0,few clouds,20,69,4.6,vaini,TO
-20.01,57.66,24.44,clear sky,1,71,2.68,grand gaube,MU
33.07,-16.34,15.0,few clouds,20,62,2.6,porto santo,PT
68.71,-52.87,-10.99,scattered clouds,29,91,2.6,aasiaat,GL
42.33,-83.33,12.1,scattered clouds,40,66,3.1,garden city,US
-19.12,33.48,20.76,scattered clouds,40,100,5.1,chimoio,MZ
-5.09,-81.11,16.51,clear sky,0,86,4.1,paita,PE
-8.77,160.7,29.12,moderate rain,85,75,1.44,auki,SB
59.7,30.79,7.27,clear sky,0,61,11.0,nikolskoye,RU
69.38,178.42,-0.91,overcast clouds,100,98,10.95,leningradskiy,RU
18.22,-63.06,26.78,few clouds,20,78,4.1,the valley,AI
60.75,-137.51,-24.0,broken clouds,67,83,1.0,haines junction,CA
73.51,80.55,-18.25,clear sky,0,91,1.48,dikson,RU
66.83,70.83,-6.08,snow,100,98,7.36,yar-sale,RU
31.21,16.59,20.62,clear sky,1,64,4.82,surt,LY
4.17,73.51,29.0,few clouds,20,83,1.0,male,MV
42.86,131.38,13.43,overcast clouds,100,51,3.74,slavyanka,RU
50.7,-127.42,5.16,scattered clouds,40,100,1.5,port hardy,CA
69.22,-51.1,-8.0,light shower snow,100,72,2.6,ilulissat,GL
18.03,73.02,25.33,clear sky,0,53,2.65,srivardhan,IN
66.77,123.37,-20.7,overcast clouds,96,91,2.14,zhigansk,RU
-25.17,45.05,20.98,overcast clouds,100,77,0.65,beloha,MG
22.89,-109.91,25.74,clear sky,5,65,3.1,cabo san lucas,MX
-33.87,121.9,17.0,scattered clouds,40,59,5.7,esperance,AU
60.14,-45.24,-1.35,clear sky,0,84,15.75,nanortalik,GL
46.71,-80.92,5.25,few clouds,20,93,2.1,capreol,CA
-22.43,-151.33,25.23,moderate rain,100,80,7.65,moerai,PF
50.68,156.12,2.45,overcast clouds,92,80,11.35,severo-kurilsk,RU
56.47,73.61,0.49,overcast clouds,100,95,3.91,kolosovka,RU
5.38,-52.95,24.92,overcast clouds,91,84,2.25,sinnamary,GF
-34.0,24.73,18.89,overcast clouds,94,88,0.89,kruisfontein,ZA
-20.34,57.76,23.69,shower rain,75,78,4.1,bambous virieux,MU
-6.22,-57.75,23.97,light rain,88,86,1.17,jacareacanga,BR
13.21,12.02,23.13,overcast clouds,87,27,4.92,maine-soroa,NE
40.9,40.89,3.78,overcast clouds,100,100,1.35,rize,TR
8.89,-64.25,24.27,clear sky,1,84,4.58,el tigre,VE
37.06,-97.04,12.75,clear sky,1,76,2.14,arkansas city,US
42.1,-79.24,14.11,clear sky,1,50,4.1,jamestown,US
38.52,-28.7,15.8,broken clouds,51,65,6.84,ribeira grande,PT
-9.11,124.89,31.77,scattered clouds,30,43,1.18,atambua,ID
65.7,82.47,-19.42,broken clouds,63,90,4.42,krasnoselkup,RU
22.07,78.93,21.32,clear sky,0,37,2.64,chhindwara,IN
53.41,24.54,8.09,overcast clouds,100,85,6.53,masty,BY
56.83,30.15,7.01,clear sky,8,86,5.51,loknya,RU
54.01,33.96,7.1,overcast clouds,100,87,6.18,betlitsa,RU
32.67,-17.1,13.9,scattered clouds,40,63,2.1,ponta do sol,PT
-32.03,-52.1,16.67,clear sky,2,94,6.36,rio grande,BR
26.33,43.98,17.0,clear sky,0,26,3.6,buraydah,SA
71.69,128.87,-12.59,overcast clouds,100,96,1.65,tiksi,RU
-15.1,23.14,21.89,broken clouds,78,64,1.48,limulunga,ZM
-33.93,18.42,16.26,light rain,75,82,9.3,cape town,ZA
29.27,82.18,12.51,clear sky,0,31,0.09,jumla,NP
62.67,131.17,-16.46,overcast clouds,100,90,0.83,borogontsy,RU
5.35,48.53,26.37,scattered clouds,37,80,3.78,hobyo,SO
0.52,25.2,21.17,light rain,100,98,1.46,kisangani,CD
33.19,-82.53,14.73,clear sky,1,87,2.6,avera,US
1.74,98.78,30.13,overcast clouds,92,58,1.29,sibolga,ID
18.28,95.32,27.47,clear sky,0,83,3.82,myanaung,MM
-45.58,-72.07,9.0,overcast clouds,90,76,1.5,coihaique,CL
7.93,1.98,25.42,overcast clouds,98,80,1.34,savalou,BJ
-20.32,118.57,37.0,clear sky,0,29,4.6,port hedland,AU
18.09,-15.98,22.0,clear sky,0,88,2.1,nouakchott,MR
-5.79,-35.21,25.52,scattered clouds,40,83,3.6,natal,BR
30.48,-115.95,20.63,overcast clouds,100,58,2.07,san quintin,MX
-33.7,-53.46,13.67,few clouds,11,93,2.51,chuy,UY
-8.93,125.41,27.53,broken clouds,63,38,2.8,airai,TL
63.92,127.47,-15.89,overcast clouds,100,93,1.76,sangar,RU
47.65,53.35,4.29,clear sky,0,70,5.41,makat,KZ
60.92,-46.05,-9.0,clear sky,0,43,2.6,narsaq,GL
-19.06,-169.92,26.0,broken clouds,75,69,8.2,alofi,NU
61.6,5.03,10.0,overcast clouds,100,93,6.2,floro,NO
35.13,140.3,17.36,broken clouds,75,59,2.6,katsuura,JP
57.79,-152.41,3.0,overcast clouds,90,40,2.1,kodiak,US
6.84,101.18,28.73,broken clouds,83,72,0.77,nong chik,TH
40.6,-124.16,14.23,few clouds,20,100,2.6,fortuna,US
-3.24,35.49,12.41,overcast clouds,96,100,2.76,ngorongoro,TZ
43.2,140.77,15.76,broken clouds,75,51,5.1,yoichi,JP
46.98,-123.89,8.92,overcast clouds,90,93,3.6,hoquiam,US
63.64,54.86,2.0,overcast clouds,99,94,3.64,nizhniy odes,RU
10.57,72.64,28.37,clear sky,0,73,2.6,kavaratti,IN
17.48,103.46,28.59,few clouds,13,59,4.03,sawang daen din,TH
-10.41,-36.43,24.89,clear sky,0,87,5.2,piacabucu,BR
-12.04,-77.03,17.89,overcast clouds,90,77,5.1,lima,PE
69.49,88.4,-19.0,clear sky,0,84,2.0,talnakh,RU
38.89,-76.51,12.76,clear sky,1,100,2.85,mayo,US
23.03,91.51,22.66,clear sky,0,65,3.0,chhagalnaiya,BD
-2.57,150.8,28.31,light rain,100,77,4.48,kavieng,PG
70.63,147.92,-15.44,overcast clouds,94,95,4.14,chokurdakh,RU
51.32,42.77,6.67,overcast clouds,87,95,4.6,kamenka,RU
43.21,-75.46,10.83,clear sky,1,57,1.6,roma,US
-31.43,152.92,22.21,broken clouds,56,41,1.79,port macquarie,AU
9.49,50.81,22.63,clear sky,7,69,3.29,bandarbeyla,SO
18.73,-103.68,24.58,scattered clouds,36,84,1.05,coahuayana,MX
-3.8,102.27,29.51,overcast clouds,97,64,1.09,bengkulu,ID
-28.55,16.43,15.89,overcast clouds,95,80,1.69,oranjemund,NA
-38.27,141.97,13.78,broken clouds,71,69,7.63,codrington,AU
-30.89,-55.53,13.09,clear sky,3,92,3.45,santana do livramento,BR
6.37,126.17,27.94,overcast clouds,100,75,2.87,pundaguitan,PH
68.75,161.3,-3.76,overcast clouds,100,93,11.08,cherskiy,RU
33.73,135.98,18.0,light rain,75,63,1.0,shingu,JP
38.93,100.45,6.53,clear sky,0,52,2.16,zhangye,CN
65.58,-171.0,1.81,overcast clouds,100,94,10.64,lavrentiya,RU
51.68,94.73,-0.63,broken clouds,77,89,4.06,kaa-khem,RU
65.28,-126.83,-25.0,few clouds,20,75,2.1,norman wells,CA
20.93,-17.03,19.0,broken clouds,63,88,2.6,nouadhibou,MR
19.73,-155.09,25.61,clear sky,1,54,4.6,hilo,US
64.38,-173.3,5.0,light rain,90,80,12.0,provideniya,RU
68.05,39.51,2.87,light rain,100,92,1.72,ostrovnoy,RU
-37.62,-73.65,10.48,clear sky,0,80,9.87,lebu,CL
-7.16,-78.5,11.4,scattered clouds,27,61,0.27,cajamarca,PE
37.78,-121.98,18.14,clear sky,1,42,2.1,san ramon,US
48.69,43.53,5.77,overcast clouds,90,93,4.0,kalach-na-donu,RU
43.67,-7.41,13.33,overcast clouds,100,74,1.34,cervo,ES
68.35,-133.72,-16.51,overcast clouds,85,77,3.6,inuvik,CA
7.19,8.13,22.93,overcast clouds,100,83,1.51,otukpo,NG
-45.87,-67.5,15.0,scattered clouds,40,67,5.1,comodoro rivadavia,AR
11.67,92.75,28.9,clear sky,8,70,4.45,port blair,IN
47.97,80.44,2.62,few clouds,12,63,2.77,ayagoz,KZ
61.4,47.5,3.7,light rain,100,92,4.45,kharitonovo,RU
29.03,21.55,16.26,clear sky,9,91,3.62,jalu,LY
69.65,18.96,3.48,broken clouds,75,86,12.3,tromso,NO
8.13,77.3,28.0,haze,75,78,0.5,manavalakurichi,IN
65.99,57.53,1.82,light rain,100,97,7.45,usinsk,RU
-8.47,140.33,29.6,scattered clouds,32,60,3.37,merauke,ID
63.44,-20.27,6.16,overcast clouds,100,68,14.56,vestmannaeyjar,IS
17.02,54.09,21.0,clear sky,0,60,1.5,salalah,OM
-38.55,-58.74,10.56,scattered clouds,26,78,1.34,necochea,AR
37.1,-113.58,19.67,clear sky,1,22,2.07,saint george,US
27.98,-114.06,23.92,overcast clouds,100,55,5.98,guerrero negro,MX
-23.4,21.72,20.32,clear sky,8,31,3.77,manyana,BW
-22.67,167.48,24.52,clear sky,7,84,3.38,vao,NC
-46.13,167.68,13.43,clear sky,0,54,4.11,tuatapere,NZ
-17.34,-44.94,21.82,clear sky,6,70,1.13,pirapora,BR
22.68,-3.98,24.1,overcast clouds,88,21,1.89,taoudenni,ML
-15.77,128.73,38.0,few clouds,24,33,4.1,kununurra,AU
69.7,170.31,-2.84,light snow,100,96,13.24,pevek,RU
55.82,37.32,6.04,light rain,90,93,7.0,krasnogorsk,RU
28.02,-97.52,20.36,clear sky,1,72,3.1,san patricio,US
-15.62,-46.42,21.95,clear sky,0,69,1.07,buritis,BR
40.48,25.47,16.0,few clouds,20,72,10.3,kamariotissa,GR
22.29,114.16,24.05,clear sky,0,64,2.99,victoria,HK
60.4,-1.35,11.0,overcast clouds,100,76,15.9,brae,GB
-6.88,112.21,30.35,overcast clouds,91,62,2.25,labuhan,ID
6.04,80.22,27.8,overcast clouds,93,77,3.35,galle,LK
-35.17,173.17,20.47,overcast clouds,93,73,3.65,ahipara,NZ
2.82,-60.67,28.0,clear sky,0,74,3.1,boa vista,BR
-19.8,-174.35,27.0,scattered clouds,40,61,6.2,pangai,TO
37.14,50.29,16.0,clear sky,0,87,1.0,rudsar,IR
30.66,117.48,19.25,broken clouds,81,58,0.55,chizhou,CN
43.01,11.17,9.67,few clouds,20,87,3.6,roccastrada,IT
45.17,10.78,10.9,clear sky,0,94,0.45,mantua,IT
26.54,-77.06,25.74,overcast clouds,100,80,11.07,marsh harbour,BS
-20.41,57.7,23.0,shower rain,75,78,4.1,mahebourg,MU
7.38,8.57,23.72,overcast clouds,91,75,1.1,yaan,NG
-9.01,-35.22,25.01,scattered clouds,29,86,3.37,maragogi,BR
-22.25,-50.7,19.38,clear sky,0,59,4.02,quata,BR
46.49,135.88,3.32,overcast clouds,99,76,2.17,vostok,RU
-28.77,114.6,32.0,clear sky,0,25,9.8,geraldton,AU
-17.73,-149.15,23.0,shower rain,75,94,4.1,tautira,PF
-16.48,-151.75,26.6,light rain,44,80,7.85,faanui,PF
13.81,44.63,17.21,clear sky,4,54,0.57,bajah,YE
45.02,-93.22,13.02,clear sky,1,50,2.6,saint anthony,US
62.14,117.63,-16.08,scattered clouds,28,89,1.94,suntar,RU
28.66,-17.92,16.51,light rain,75,82,3.1,los llanos de aridane,ES
8.0,124.29,27.78,overcast clouds,91,82,1.79,marawi,PH
-29.68,-53.81,16.0,clear sky,0,82,4.1,santa maria,BR
4.93,-52.33,24.0,clear sky,0,100,1.0,cayenne,GF
29.96,122.3,20.53,clear sky,6,82,3.99,shenjiamen,CN
4.32,17.47,20.39,overcast clouds,100,98,1.39,boda,CF
20.5,-10.07,27.69,scattered clouds,48,19,4.09,adrar,MR
14.31,121.11,31.47,broken clouds,75,66,2.6,santa rosa,PH
41.81,126.91,7.83,light rain,100,86,1.7,linjiang,CN
-22.96,14.51,14.46,broken clouds,82,93,1.5,walvis bay,NA
18.49,-66.83,22.83,scattered clouds,39,88,4.83,hatillo,PR
7.42,81.82,29.21,overcast clouds,95,67,2.39,kalmunai,LK
-33.02,27.91,20.4,broken clouds,62,79,3.32,east london,ZA
25.53,-103.25,23.0,clear sky,5,25,3.26,matamoros,MX
-3.33,128.92,28.18,broken clouds,82,76,0.73,amahai,ID
65.61,-37.64,-1.0,light snow,94,74,4.6,tasiilaq,GL
39.89,-0.09,16.76,broken clouds,75,82,3.1,burriana,ES
22.57,59.53,24.57,clear sky,0,52,3.6,sur,OM
18.08,75.43,23.42,clear sky,0,45,2.96,kurduvadi,IN
49.82,36.73,5.78,broken clouds,75,81,4.0,malynivka,UA
64.9,45.76,3.16,overcast clouds,100,97,2.65,leshukonskoye,RU
67.45,153.68,-5.89,light snow,100,97,9.54,srednekolymsk,RU
20.88,-156.68,28.42,scattered clouds,40,38,2.1,lahaina,US
48.98,12.2,-0.92,clear sky,1,86,1.2,neutraubling,DE
69.01,23.04,-0.76,clear sky,1,94,4.33,kautokeino,NO
-24.79,-50.01,10.0,clear sky,0,96,2.71,castro,BR
48.6,-93.4,11.06,clear sky,1,46,3.1,fort frances,CA
13.93,41.69,25.9,broken clouds,62,51,5.32,edd,ER
53.05,158.65,2.0,shower rain,75,64,4.0,petropavlovsk-kamchatskiy,RU
40.8,140.44,15.79,broken clouds,75,71,4.1,goshogawara,JP
42.25,-75.83,11.39,clear sky,1,47,4.1,broome,US
57.31,88.17,-6.19,scattered clouds,31,96,1.07,teguldet,RU
-35.34,143.55,20.23,broken clouds,84,32,5.01,swan hill,AU
32.38,15.09,20.85,scattered clouds,32,71,3.55,misratah,LY
26.5,-100.17,17.78,clear sky,0,70,1.19,sabinas hidalgo,MX
17.08,78.2,23.75,haze,20,60,2.1,farrukhnagar,IN
-28.65,153.62,24.03,clear sky,3,56,9.3,byron bay,AU
27.9,102.26,13.14,overcast clouds,100,75,1.31,xichang,CN
48.57,83.65,1.71,clear sky,0,77,0.62,kurchum,KZ
5.95,80.54,27.96,light rain,90,78,3.57,matara,LK
8.35,100.2,31.0,few clouds,20,79,2.1,pak phanang,TH
41.14,-73.36,13.19,clear sky,1,87,3.8,westport,US
-11.78,19.92,17.02,overcast clouds,95,92,1.22,luena,AO
-22.45,18.97,17.3,clear sky,0,39,4.13,gobabis,NA
-13.46,25.83,18.79,scattered clouds,42,59,1.27,kasempa,ZM
56.98,9.64,11.29,scattered clouds,44,95,1.79,nibe,DK
33.08,-16.33,15.0,few clouds,20,62,2.6,camacha,PT
24.34,124.16,28.0,broken clouds,75,88,4.1,ishigaki,JP
37.57,126.98,14.3,haze,90,47,2.63,seoul,KR
-12.35,13.55,24.5,broken clouds,57,83,1.21,lobito,AO
7.04,134.26,29.0,overcast clouds,90,79,2.1,kloulklubed,PW
34.45,40.92,15.54,clear sky,0,59,1.65,abu kamal,SY
25.9,-97.5,21.04,clear sky,1,77,2.1,brownsville,US
-3.94,122.5,31.52,few clouds,20,57,1.86,kendari,ID
42.8,93.45,5.77,clear sky,0,50,1.55,hami,CN
13.77,109.23,24.67,moderate rain,95,92,4.63,qui nhon,VN
15.75,-84.48,23.93,overcast clouds,100,96,2.89,brus laguna,HN
59.24,163.07,1.03,clear sky,0,80,3.51,ossora,RU
17.97,-66.91,22.97,broken clouds,71,89,2.09,guanica,PR
-3.67,152.43,29.44,light rain,96,69,3.34,namatanai,PG
-23.35,47.6,22.69,light rain,92,90,3.25,vangaindrano,MG
31.81,121.66,23.03,few clouds,12,65,1.6,huilong,CN
-7.51,-63.02,25.49,broken clouds,80,81,1.93,humaita,BR
-2.92,-39.92,25.73,clear sky,8,83,5.37,itarema,BR
72.79,-56.15,-15.36,clear sky,0,84,2.26,upernavik,GL
-46.28,169.85,13.33,clear sky,3,74,7.15,kaitangata,NZ
55.53,101.05,-5.68,overcast clouds,100,93,9.94,pokosnoye,RU
42.74,124.72,13.18,broken clouds,61,54,8.1,xifeng,CN
-0.58,117.09,28.34,light rain,100,79,0.38,loa janan,ID
67.67,53.09,1.69,overcast clouds,98,96,2.44,naryan-mar,RU
28.22,61.22,10.04,clear sky,0,36,0.78,khash,IR
-33.01,17.94,16.0,scattered clouds,47,87,4.6,saldanha,ZA
63.05,179.32,2.59,overcast clouds,100,84,7.11,beringovskiy,RU
-44.49,171.21,12.78,overcast clouds,99,91,2.24,pareora,NZ
7.98,49.82,23.07,clear sky,9,64,3.27,eyl,SO
-14.47,132.27,36.0,clear sky,1,32,3.1,katherine,AU
38.72,112.76,10.08,clear sky,0,37,1.81,yuanping,CN
41.5,-81.7,15.1,broken clouds,75,51,4.6,cleveland,US
27.48,-99.52,22.0,clear sky,5,56,6.03,nuevo laredo,MX
53.07,105.51,-1.88,overcast clouds,94,94,8.1,bayanday,RU
54.04,19.03,9.27,overcast clouds,99,100,5.75,marienburg,PL
41.54,-8.62,14.57,clear sky,0,72,5.7,barcelos,PT
47.67,-52.73,0.66,broken clouds,75,74,7.7,torbay,CA
20.7,-105.2,25.56,clear sky,5,83,1.5,ixtapa,MX
19.22,-98.81,15.0,few clouds,20,54,2.6,miraflores,MX
5.4,125.46,28.45,moderate rain,100,73,2.94,sarangani,PH
21.32,-158.01,27.72,few clouds,20,69,4.6,ewa beach,US
37.46,-122.43,16.96,clear sky,5,77,2.6,half moon bay,US
-5.36,104.97,27.55,moderate rain,100,71,0.87,pringsewu,ID
27.92,96.17,24.75,clear sky,0,38,0.94,tezu,IN
31.35,27.25,20.0,scattered clouds,40,52,5.1,marsa matruh,EG
68.22,-135.01,-16.53,overcast clouds,100,77,3.6,aklavik,CA
46.15,-122.91,8.8,light rain,90,100,2.1,kelso,US
52.33,124.73,-2.34,scattered clouds,50,89,0.74,tahe,CN
-6.08,145.39,21.17,moderate rain,95,81,1.18,goroka,PG
34.64,-120.46,16.35,clear sky,1,77,2.26,lompoc,US
64.84,-147.72,-13.97,overcast clouds,90,84,1.5,fairbanks,US
67.63,134.63,-29.65,few clouds,16,84,0.65,batagay,RU
5.41,100.34,29.42,few clouds,20,79,1.0,georgetown,MY
41.61,12.51,13.48,broken clouds,75,93,2.1,ardea,IT
-8.1,156.84,29.62,light rain,96,69,2.85,gizo,SB
-23.7,133.88,26.0,broken clouds,75,14,5.7,alice springs,AU
65.82,87.98,-19.99,clear sky,0,86,3.14,turukhansk,RU
-8.75,148.25,28.78,moderate rain,84,83,2.77,popondetta,PG
40.8,-124.16,14.05,broken clouds,80,93,0.45,eureka,US
18.39,42.45,14.5,clear sky,0,93,2.6,faya,SA
-9.43,159.95,31.0,broken clouds,75,66,4.1,honiara,SB
-6.43,39.55,22.28,few clouds,20,94,2.48,sokoni,TZ
13.79,120.98,28.33,clear sky,0,79,0.89,bolo,PH
63.73,8.83,10.0,light intensity drizzle,75,93,12.9,sistranda,NO
56.37,98.35,-6.2,light snow,100,94,6.38,shitkino,RU
-12.74,-60.15,23.93,overcast clouds,100,37,1.53,vilhena,BR
67.47,86.58,-21.18,clear sky,0,87,3.58,igarka,RU
21.5,-158.02,27.55,overcast clouds,90,74,2.6,wahiawa,US
-33.87,151.21,19.27,scattered clouds,36,56,1.34,sydney,AU
61.99,-49.67,-5.36,few clouds,23,87,5.04,paamiut,GL
-20.67,-40.5,23.0,overcast clouds,90,88,2.6,guarapari,BR
-4.32,15.32,23.0,thunderstorm,20,94,2.1,kinshasa,CD
21.39,-158.15,27.66,few clouds,20,69,4.6,nanakuli,US
35.73,140.83,14.0,broken clouds,75,71,2.6,hasaki,JP
-20.73,139.5,33.0,clear sky,0,9,3.6,mount isa,AU
64.92,77.78,-11.05,overcast clouds,100,96,7.65,tarko-sale,RU
57.07,93.44,-6.4,overcast clouds,100,94,3.62,predivinsk,RU
-1.76,-48.8,25.0,moderate rain,40,94,1.0,ipixuna,BR
-29.95,-71.34,13.0,clear sky,0,87,2.1,coquimbo,CL
-18.9,-66.77,9.8,light rain,100,53,0.55,challapata,BO
57.8,158.67,0.88,overcast clouds,99,88,6.27,tigil,RU
-32.59,149.59,20.23,broken clouds,75,45,6.2,mudgee,AU
53.51,142.97,-1.81,overcast clouds,100,94,11.09,ekhabi,RU
62.23,-6.59,10.0,mist,100,93,6.7,klaksvik,FO
-1.58,14.26,20.71,overcast clouds,98,93,1.52,lekoni,GA
-2.67,141.3,28.48,light rain,100,81,3.31,vanimo,PG
58.81,33.39,5.39,overcast clouds,89,77,5.57,lyubytino,RU
51.23,-58.65,5.58,light rain,100,93,10.67,saint-augustin,CA
54.45,51.48,1.58,overcast clouds,100,96,4.07,shentala,RU
52.27,79.17,2.82,overcast clouds,99,74,4.26,klyuchi,RU
71.04,27.85,4.95,broken clouds,75,84,5.77,mehamn,NO
13.94,120.92,30.54,broken clouds,75,66,2.6,dayapan,PH
14.2,24.67,16.19,broken clouds,55,32,5.61,kutum,SD
55.51,31.85,6.86,broken clouds,72,86,5.42,przhevalskoye,RU
26.59,111.85,18.66,overcast clouds,95,61,2.58,qiyang,CN
-15.2,12.15,20.41,scattered clouds,31,65,4.09,namibe,AO
63.79,74.52,0.03,overcast clouds,100,99,8.82,muravlenko,RU
-1.57,9.26,24.27,overcast clouds,99,90,1.85,omboue,GA
-13.63,-41.33,18.72,light rain,100,100,1.89,barra da estiva,BR
56.05,97.63,-6.54,overcast clouds,100,95,6.46,yurty,RU
67.68,53.15,1.65,overcast clouds,98,97,2.39,iskateley,RU
44.1,-70.21,11.5,clear sky,1,54,2.6,lewiston,US
14.9,-24.5,24.41,clear sky,2,78,1.59,sao filipe,CV
-2.63,-56.74,24.39,moderate rain,100,92,1.17,parintins,BR
-16.7,-151.02,27.16,clear sky,1,79,8.06,fare,PF
46.43,26.4,6.11,broken clouds,60,83,0.67,asau,RO
50.2,-66.38,-1.28,overcast clouds,94,91,1.0,sept-iles,CA
47.57,-59.14,7.59,overcast clouds,100,87,11.38,channel-port aux basques,CA
-2.01,-54.07,24.28,heavy intensity rain,100,95,2.57,monte alegre,BR
32.65,-17.07,13.86,scattered clouds,40,63,2.1,ribeira brava,PT
-19.55,169.27,31.0,broken clouds,75,74,2.6,isangel,VU
51.05,142.27,0.3,clear sky,0,80,7.14,mgachi,RU
61.03,76.11,0.0,light intensity drizzle,90,95,6.0,megion,RU
21.83,106.73,25.54,clear sky,6,61,2.29,lang son,VN
62.69,25.82,5.0,clear sky,0,73,6.2,aanekoski,FI
10.37,10.73,24.79,overcast clouds,100,27,4.15,bara,NG
52.47,96.11,-1.86,overcast clouds,99,92,6.44,toora-khem,RU
8.08,22.4,19.96,broken clouds,65,60,0.82,ouadda,CF
51.66,103.71,1.97,overcast clouds,88,76,5.17,slyudyanka,RU
18.04,-88.66,23.41,light rain,98,97,3.74,san lazaro,BZ
59.36,24.05,7.8,clear sky,1,91,3.58,paldiski,EE
42.03,-8.16,12.78,broken clouds,70,84,0.45,vila,PT
-42.91,147.35,14.43,broken clouds,75,48,6.7,sandy bay,AU
44.18,-77.37,12.8,overcast clouds,90,76,3.1,belleville,CA
8.46,36.35,11.05,broken clouds,51,100,0.55,bedele,ET
31.42,130.32,20.0,light rain,75,72,2.6,kaseda,JP
6.46,-2.32,22.07,light rain,87,99,0.62,bibiani,GH
-8.14,159.59,29.55,light rain,76,64,1.48,buala,SB
65.98,60.31,1.87,light rain,100,97,5.97,verkhnyaya inta,RU
41.52,0.35,12.85,few clouds,20,93,9.8,fraga,ES
-9.88,-56.09,24.21,overcast clouds,100,68,0.94,alta floresta,BR
51.1,66.32,4.03,overcast clouds,91,67,4.98,derzhavinsk,KZ
57.05,-135.33,1.0,few clouds,20,50,2.26,sitka,US
41.37,-73.41,11.57,clear sky,1,87,2.1,bethel,US
46.68,113.28,1.17,clear sky,0,69,8.13,baruun-urt,MN
65.42,-52.9,-6.94,light snow,99,95,5.66,maniitsoq,GL
65.75,150.85,-15.41,light snow,100,92,13.5,zyryanka,RU
31.61,34.76,15.74,light rain,72,80,0.89,gat,IL
26.18,127.76,27.7,mist,90,100,4.1,nishihara,JP
-9.09,-78.58,15.44,clear sky,0,90,2.79,chimbote,PE
-17.74,-48.62,20.11,clear sky,0,51,0.76,caldas novas,BR
-20.78,117.13,38.22,clear sky,0,17,5.71,roebourne,AU
-5.15,-38.1,24.43,clear sky,1,75,3.17,limoeiro do norte,BR
70.47,-68.59,-19.0,clear sky,1,64,8.7,clyde river,CA
22.79,100.97,21.33,scattered clouds,49,79,0.88,simao,CN
38.5,102.17,6.99,clear sky,0,49,1.0,jinchang,CN
65.53,72.52,-1.41,overcast clouds,100,99,8.43,nadym,RU
42.92,143.2,16.0,broken clouds,75,29,3.6,obihiro,JP
-43.3,-65.1,16.89,clear sky,0,35,4.52,rawson,AR
9.7,10.27,23.72,scattered clouds,30,36,2.36,yuli,NG
51.39,109.87,-2.09,overcast clouds,100,92,6.38,bada,RU
25.15,76.3,21.51,clear sky,0,24,1.65,anta,IN
34.41,-119.86,19.82,clear sky,1,72,1.69,isla vista,US
-28.87,153.57,23.79,clear sky,0,56,9.3,ballina,AU
-20.33,-40.29,23.0,overcast clouds,90,88,2.6,vila velha,BR
62.53,155.8,-22.01,overcast clouds,100,86,2.32,omsukchan,RU
41.82,140.65,15.0,broken clouds,75,58,3.6,kamiiso,JP
48.29,17.27,3.15,clear sky,0,80,3.6,pezinok,SK
-10.54,32.08,17.08,overcast clouds,89,57,0.76,chinsali,ZM
48.13,-78.13,4.11,few clouds,20,93,2.6,malartic,CA
-17.8,-63.17,25.0,smoke,37,57,3.1,santa cruz,BO
-23.86,35.38,23.62,light rain,100,88,2.13,inhambane,MZ
48.97,2.35,3.99,clear sky,0,86,4.1,montmagny,FR
55.75,37.62,6.57,moderate rain,90,93,7.0,moscow,RU
29.5,-98.62,18.52,clear sky,1,63,1.36,leon valley,US
-8.84,-69.26,25.76,overcast clouds,100,73,1.46,manoel urbano,BR
-16.73,-151.43,27.18,few clouds,24,78,8.6,uturoa,PF
-34.73,135.87,13.78,overcast clouds,99,55,3.72,port lincoln,AU
35.25,-91.74,11.76,clear sky,1,87,1.33,searcy,US
28.42,30.78,14.31,clear sky,0,84,2.36,matay,EG
19.75,10.25,17.3,few clouds,19,30,4.44,agadez,NE
19.33,-72.12,22.61,overcast clouds,100,83,0.89,pignon,HT
29.85,-90.11,18.42,broken clouds,75,93,2.1,estelle,US
-35.33,-72.42,11.84,clear sky,0,75,4.61,constitucion,CL
48.65,-53.11,1.52,broken clouds,55,80,5.1,bonavista,CA
-15.43,-74.62,18.5,scattered clouds,49,60,1.32,acari,PE
0.13,117.5,29.57,heavy intensity rain,100,63,2.12,bontang,ID
24.09,32.91,17.58,clear sky,0,67,3.92,aswan,EG
67.67,12.69,6.6,overcast clouds,100,83,13.45,sorland,NO
-5.2,-35.46,25.0,few clouds,20,88,2.1,touros,BR
33.98,51.44,10.66,overcast clouds,99,43,0.74,kashan,IR
61.0,24.46,6.52,clear sky,0,65,5.7,hameenlinna,FI
53.94,139.92,-4.65,overcast clouds,96,90,9.53,mnogovershinnyy,RU
1.55,110.33,29.0,few clouds,20,79,1.0,kuching,MY
-42.72,170.97,15.56,overcast clouds,100,94,1.07,hokitika,NZ
50.28,57.21,0.0,clear sky,0,54,4.17,aqtobe,KZ
44.45,15.06,15.0,clear sky,0,54,6.7,pag,HR
40.43,71.72,3.0,clear sky,0,37,3.1,komsomolskiy,UZ
70.24,22.35,3.92,light rain,75,80,5.1,oksfjord,NO
-41.41,175.52,14.1,overcast clouds,98,87,5.1,waipawa,NZ
46.38,-75.97,10.0,overcast clouds,100,76,1.0,maniwaki,CA
70.37,31.11,4.89,broken clouds,75,81,7.62,vardo,NO
43.41,-124.22,14.39,overcast clouds,90,100,6.2,north bend,US
4.14,96.13,28.99,clear sky,4,69,1.8,meulaboh,ID
-6.13,12.37,25.6,moderate rain,100,86,3.93,soyo,AO
-8.84,13.23,26.0,broken clouds,75,78,2.6,luanda,AO
-23.94,31.14,19.0,overcast clouds,100,88,3.6,phalaborwa,ZA
53.88,67.42,4.29,overcast clouds,91,86,5.79,sergeyevka,KZ
51.5,58.19,8.0,clear sky,0,61,4.0,novorudnyy,RU
-2.02,147.27,27.72,light rain,97,76,1.39,lorengau,PG
-3.87,30.1,15.73,overcast clouds,90,94,0.58,rutana,BI
-7.47,-34.81,25.0,scattered clouds,40,88,2.1,pitimbu,BR
66.15,-65.71,-13.06,overcast clouds,100,73,3.57,pangnirtung,CA
37.72,-25.43,16.0,scattered clouds,40,77,5.1,vila franca do campo,PT
-26.79,-60.44,17.62,clear sky,0,48,3.48,presidencia roque saenz pena,AR
-13.7,-76.22,17.09,clear sky,0,88,4.1,pisco,PE
21.35,-158.09,27.7,few clouds,20,69,4.6,makakilo city,US
31.67,34.57,17.07,few clouds,20,77,3.1,ashqelon,IL
15.86,100.59,29.74,clear sky,1,69,1.38,nong bua,TH
8.62,-70.21,22.99,scattered clouds,38,92,1.33,barinas,VE
33.85,-118.05,25.36,clear sky,1,26,1.32,la palma,US
34.17,77.58,-1.53,broken clouds,57,73,0.53,leh,IN
-6.84,-79.93,16.08,clear sky,0,87,4.36,pimentel,PE
25.52,90.22,21.54,clear sky,0,57,0.86,tura,IN
64.18,-51.72,-7.0,broken clouds,54,73,3.6,nuuk,GL
-8.38,-74.55,28.0,broken clouds,75,83,1.0,pucallpa,PE
-6.22,155.63,29.86,light rain,95,66,1.7,kieta,PG
47.91,106.88,1.0,few clouds,20,40,6.0,ulaanbaatar,MN
62.67,135.6,-17.64,overcast clouds,99,88,1.26,khandyga,RU
36.73,-91.85,14.26,clear sky,1,63,2.1,west plains,US
-4.98,12.93,23.02,light rain,100,95,0.1,tshela,CD
-23.04,29.9,18.25,broken clouds,84,93,1.15,louis trichardt,ZA
58.35,11.94,11.67,clear sky,0,86,4.02,uddevalla,SE
-12.23,136.77,33.0,few clouds,20,52,5.1,nhulunbuy,AU
6.19,-67.49,25.95,light rain,94,86,0.93,puerto carreno,CO
63.84,-22.43,5.0,shower rain,75,56,15.9,grindavik,IS
37.35,-108.59,8.14,clear sky,1,45,4.1,cortez,US
-3.75,103.64,30.5,heavy intensity rain,100,58,1.74,payo,ID
29.97,40.21,15.0,clear sky,0,67,2.6,sakakah,SA
69.3,139.9,-21.46,overcast clouds,97,93,0.63,deputatskiy,RU
-0.12,-51.29,25.0,moderate rain,90,100,0.5,mazagao,BR
-12.5,131.05,34.93,clear sky,0,46,3.1,howard springs,AU
-27.18,151.27,24.0,clear sky,0,31,3.1,dalby,AU
56.67,96.06,-7.12,overcast clouds,100,95,5.8,aban,RU
11.28,-15.83,28.62,clear sky,0,73,4.06,bubaque,GW
54.77,-101.86,-10.57,light snow,100,96,4.01,flin flon,CA
13.78,124.39,29.39,broken clouds,80,65,2.78,gigmoto,PH
39.51,-121.56,18.96,clear sky,1,32,2.6,oroville,US
56.91,118.26,-11.43,overcast clouds,100,84,0.26,chara,RU
44.05,-123.09,12.69,shower rain,90,93,3.1,eugene,US
29.06,-13.56,21.0,broken clouds,75,73,5.7,teguise,ES
-5.38,27.0,20.18,light rain,99,97,1.66,kongolo,CD
44.02,87.32,2.0,clear sky,0,51,1.0,changji,CN
-24.0,21.75,20.12,clear sky,0,35,5.76,hukuntsi,BW
56.27,54.21,1.89,light rain,100,93,4.24,kambarka,RU
48.01,91.64,2.36,broken clouds,74,69,1.73,hovd,MN
-21.57,21.78,22.35,clear sky,0,26,4.25,ghanzi,BW
-34.85,138.6,17.46,few clouds,20,39,7.2,enfield,AU
-2.1,-56.49,25.73,light rain,99,80,1.29,terra santa,BR
66.42,112.4,-19.0,light snow,90,91,2.0,udachnyy,RU
32.35,-85.2,14.71,clear sky,1,93,2.1,russell,US
31.65,-106.3,21.33,clear sky,5,12,5.1,socorro,US
49.78,-74.85,1.0,mist,90,100,3.1,chapais,CA
32.22,-98.2,17.47,clear sky,1,77,3.43,stephenville,US
61.58,-149.44,-9.05,overcast clouds,90,61,0.54,wasilla,US
44.38,25.35,8.63,overcast clouds,90,93,0.5,silistea,RO
46.47,-120.67,8.76,overcast clouds,90,76,1.81,yakima,US
-28.24,-48.67,17.0,scattered clouds,40,67,4.1,imbituba,BR
33.14,-117.17,21.15,clear sky,1,56,2.1,san marcos,US
5.14,-5.02,26.19,overcast clouds,100,85,3.26,grand-lahou,CI
53.04,16.46,8.33,overcast clouds,100,86,3.58,trzcianka,PL
8.88,11.37,24.53,scattered clouds,43,36,1.63,jalingo,NG
-32.72,152.15,19.07,light rain,40,52,8.7,nelson bay,AU
6.95,1.17,24.83,broken clouds,83,85,1.63,notse,TG
51.62,73.1,2.61,overcast clouds,90,73,7.39,ereymentau,KZ
36.9,-104.44,10.04,clear sky,1,32,2.79,raton,US
-5.32,119.37,30.77,light rain,25,61,2.2,galesong,ID
66.97,30.35,0.0,overcast clouds,92,94,1.79,alakurtti,RU
4.6,11.26,20.18,overcast clouds,98,97,0.16,ombessa,CM
61.67,96.37,-18.44,clear sky,0,86,1.55,baykit,RU
28.5,81.13,21.67,clear sky,0,89,0.45,tikapur,NP
-17.83,-149.27,23.0,shower rain,75,94,4.1,teahupoo,PF
5.56,95.32,29.14,broken clouds,66,66,1.22,banda aceh,ID
44.37,-100.35,17.0,clear sky,1,29,3.1,pierre,US
-27.8,-64.26,23.22,clear sky,0,33,3.98,santiago del estero,AR
-29.66,22.75,15.97,overcast clouds,95,57,3.89,prieska,ZA
-3.41,-39.03,26.67,scattered clouds,39,75,8.05,paracuru,BR
2.62,44.89,24.64,clear sky,8,88,1.17,wanlaweyn,SO
1.0,-52.0,22.84,overcast clouds,100,97,0.55,amapa,BR
68.56,14.91,5.06,overcast clouds,100,81,4.02,stokmarknes,NO
7.77,-72.22,19.27,light rain,28,90,0.63,san cristobal,VE
59.04,52.36,2.99,light rain,100,89,4.45,peskovka,RU
-32.55,115.7,24.48,clear sky,8,47,7.7,mandurah,AU
55.1,80.96,1.24,overcast clouds,94,93,4.02,chulym,RU
4.75,-72.54,24.28,overcast clouds,99,88,1.51,ubala,CO
36.42,54.98,10.05,clear sky,5,44,1.23,shahrud,IR
-2.47,28.82,16.24,overcast clouds,96,82,0.84,kabare,CD
44.06,-103.15,15.33,clear sky,1,30,2.94,rapid valley,US
22.69,58.53,18.98,clear sky,0,54,0.96,ibra,OM
-8.57,32.05,17.03,broken clouds,84,64,1.11,laela,TZ
-0.95,100.35,29.22,overcast clouds,99,63,0.78,padang,ID
-14.9,50.28,23.54,light rain,42,87,2.58,antalaha,MG
45.52,-122.68,9.74,overcast clouds,90,87,2.1,portland,US
-10.07,-78.15,16.2,clear sky,2,86,2.91,huarmey,PE
9.29,105.72,29.02,light rain,0,71,1.6,bac lieu,VN
65.85,44.24,2.7,overcast clouds,100,97,2.19,mezen,RU
8.68,-8.63,19.84,light rain,9,92,0.78,beyla,GN
70.86,29.09,4.85,broken clouds,64,81,4.13,berlevag,NO
-14.24,31.33,20.78,clear sky,0,48,2.21,petauke,ZM
15.85,-97.07,26.0,broken clouds,75,78,1.5,puerto escondido,MX
13.6,26.69,21.52,few clouds,22,24,6.85,umm kaddadah,SD
-3.77,-70.38,25.0,moderate rain,75,100,2.6,puerto narino,CO
41.8,-85.42,11.11,clear sky,1,76,3.1,sturgis,US
46.53,21.25,7.03,broken clouds,75,93,1.5,elek,HU
36.15,-86.78,11.71,broken clouds,75,66,2.6,davidson,US
-0.88,131.25,29.2,light rain,100,71,3.3,sorong,ID
-8.76,-35.1,25.21,scattered clouds,50,86,3.27,tamandare,BR
33.67,-95.58,15.89,overcast clouds,90,88,2.6,lamar,US
